{
  "test_date": "2025-10-09T12:35:52.312435",
  "ground_truth_file": "./RawData/P001.txt",
  "results": {
    "perfect": {
      "f1_score": 1.0,
      "precision": 1.0,
      "recall": 1.0,
      "tpr": 1.0,
      "fpr": 0.0,
      "true_positives": 13,
      "false_positives": 0,
      "false_negatives": 0,
      "true_negatives": 1,
      "auc": null,
      "start_errors_mean": 0.0,
      "start_errors_std": 0.0,
      "start_errors_max": 0.0,
      "start_errors_median": 0.0,
      "end_errors_mean": 0.0,
      "end_errors_std": 0.0,
      "end_errors_max": 0.0,
      "end_errors_median": 0.0,
      "duration_errors_mean": 0.0,
      "duration_errors_std": 0.0,
      "duration_errors_max": 0.0,
      "duration_errors_median": 0.0
    },
    "small_time_shift": {
      "f1_score": 0.3076923076923077,
      "precision": 0.3076923076923077,
      "recall": 0.3076923076923077,
      "tpr": 0.3076923076923077,
      "fpr": 0.9,
      "true_positives": 4,
      "false_positives": 9,
      "false_negatives": 9,
      "true_negatives": 1,
      "auc": null,
      "start_errors_mean": 0.0,
      "start_errors_std": 0.0,
      "start_errors_max": 0.0,
      "start_errors_median": 0.0,
      "end_errors_mean": 12.4574085,
      "end_errors_std": 0.9955718952884568,
      "end_errors_max": 13.743091,
      "end_errors_median": 12.55106,
      "duration_errors_mean": 12.4574085,
      "duration_errors_std": 0.9955718952884582,
      "duration_errors_max": 13.743090999999993,
      "duration_errors_median": 12.551060000000007
    },
    "large_time_shift": {
      "f1_score": 0.6153846153846154,
      "precision": 0.6153846153846154,
      "recall": 0.6153846153846154,
      "tpr": 0.6153846153846154,
      "fpr": 0.8333333333333334,
      "true_positives": 8,
      "false_positives": 5,
      "false_negatives": 5,
      "true_negatives": 1,
      "auc": null,
      "start_errors_mean": 0.0,
      "start_errors_std": 0.0,
      "start_errors_max": 0.0,
      "start_errors_median": 0.0,
      "end_errors_mean": 2.65669525,
      "end_errors_std": 7.02895494078657,
      "end_errors_max": 21.253562,
      "end_errors_median": 0.0,
      "duration_errors_mean": 2.6566952499999985,
      "duration_errors_std": 7.028954940786566,
      "duration_errors_max": 21.253561999999988,
      "duration_errors_median": 0.0
    },
    "boundary_errors": {
      "f1_score": 0.15384615384615385,
      "precision": 0.15384615384615385,
      "recall": 0.15384615384615385,
      "tpr": 0.15384615384615385,
      "fpr": 0.9166666666666666,
      "true_positives": 2,
      "false_positives": 11,
      "false_negatives": 11,
      "true_negatives": 1,
      "auc": null,
      "start_errors_mean": 0.0,
      "start_errors_std": 0.0,
      "start_errors_max": 0.0,
      "start_errors_median": 0.0,
      "end_errors_mean": 14.8951385,
      "end_errors_std": 1.7973865,
      "end_errors_max": 16.692525,
      "end_errors_median": 14.8951385,
      "duration_errors_mean": 14.895138500000009,
      "duration_errors_std": 1.7973864999999947,
      "duration_errors_max": 16.692525000000003,
      "duration_errors_median": 14.895138500000009
    },
    "missing_segments": {
      "f1_score": 0.631578947368421,
      "precision": 1.0,
      "recall": 0.46153846153846156,
      "tpr": 0.46153846153846156,
      "fpr": 0.0,
      "true_positives": 6,
      "false_positives": 0,
      "false_negatives": 7,
      "true_negatives": 1,
      "auc": null,
      "start_errors_mean": 0.0,
      "start_errors_std": 0.0,
      "start_errors_max": 0.0,
      "start_errors_median": 0.0,
      "end_errors_mean": 0.0,
      "end_errors_std": 0.0,
      "end_errors_max": 0.0,
      "end_errors_median": 0.0,
      "duration_errors_mean": 0.0,
      "duration_errors_std": 0.0,
      "duration_errors_max": 0.0,
      "duration_errors_median": 0.0
    },
    "false_positives": {
      "f1_score": 1.0,
      "precision": 1.0,
      "recall": 1.0,
      "tpr": 1.0,
      "fpr": 0.0,
      "true_positives": 13,
      "false_positives": 0,
      "false_negatives": 0,
      "true_negatives": 1,
      "auc": null,
      "start_errors_mean": 0.0,
      "start_errors_std": 0.0,
      "start_errors_max": 0.0,
      "start_errors_median": 0.0,
      "end_errors_mean": 0.0,
      "end_errors_std": 0.0,
      "end_errors_max": 0.0,
      "end_errors_median": 0.0,
      "duration_errors_mean": 0.0,
      "duration_errors_std": 0.0,
      "duration_errors_max": 0.0,
      "duration_errors_median": 0.0
    },
    "label_confusion": {
      "f1_score": 0.5263157894736842,
      "precision": 0.8333333333333334,
      "recall": 0.38461538461538464,
      "tpr": 0.38461538461538464,
      "fpr": 0.5,
      "true_positives": 5,
      "false_positives": 1,
      "false_negatives": 8,
      "true_negatives": 1,
      "auc": null,
      "start_errors_mean": 0.0,
      "start_errors_std": 0.0,
      "start_errors_max": 0.0,
      "start_errors_median": 0.0,
      "end_errors_mean": 0.0,
      "end_errors_std": 0.0,
      "end_errors_max": 0.0,
      "end_errors_median": 0.0,
      "duration_errors_mean": 0.0,
      "duration_errors_std": 0.0,
      "duration_errors_max": 0.0,
      "duration_errors_median": 0.0
    },
    "combined_errors": {
      "f1_score": 0.8695652173913044,
      "precision": 1.0,
      "recall": 0.7692307692307693,
      "tpr": 0.7692307692307693,
      "fpr": 0.0,
      "true_positives": 10,
      "false_positives": 0,
      "false_negatives": 3,
      "true_negatives": 1,
      "auc": null,
      "start_errors_mean": 1.2568802000000001,
      "start_errors_std": 1.2046935874368057,
      "start_errors_max": 3.820052,
      "start_errors_median": 1.091203,
      "end_errors_mean": 0.4141214,
      "end_errors_std": 0.8534788742392163,
      "end_errors_max": 2.531259,
      "end_errors_median": 0.0,
      "duration_errors_mean": 1.1102268000000017,
      "duration_errors_std": 1.2011470381342018,
      "duration_errors_max": 3.820052000000004,
      "duration_errors_median": 0.6686700000000059
    }
  }
}