{
  "test_date": "2025-10-13T10:44:44.937580",
  "ground_truth_file": "../data/P001.txt",
  "results": {
    "perfect": {
      "f1_score": 1.0,
      "precision": 1.0,
      "recall": 1.0,
      "tpr": 1.0,
      "fpr": 0.0,
      "true_positives": 22,
      "false_positives": 0,
      "false_negatives": 0,
      "true_negatives": 1,
      "auc": null,
      "start_errors_mean": 0.0,
      "start_errors_std": 0.0,
      "start_errors_max": 0.0,
      "start_errors_median": 0.0,
      "end_errors_mean": 0.0,
      "end_errors_std": 0.0,
      "end_errors_max": 0.0,
      "end_errors_median": 0.0,
      "duration_errors_mean": 0.0,
      "duration_errors_std": 0.0,
      "duration_errors_max": 0.0,
      "duration_errors_median": 0.0
    },
    "small_time_shift": {
      "f1_score": 1.0,
      "precision": 1.0,
      "recall": 1.0,
      "tpr": 1.0,
      "fpr": 0.0,
      "true_positives": 22,
      "false_positives": 0,
      "false_negatives": 0,
      "true_negatives": 1,
      "auc": null,
      "start_errors_mean": 6.753851772727273,
      "start_errors_std": 6.276676844200011,
      "start_errors_max": 14.643141,
      "start_errors_median": 10.1948385,
      "end_errors_mean": 8.461684181818182,
      "end_errors_std": 5.883206716316665,
      "end_errors_max": 14.671857,
      "end_errors_median": 11.4616615,
      "duration_errors_mean": 7.431775681818187,
      "duration_errors_std": 5.3291980029947545,
      "duration_errors_max": 13.425743999999998,
      "duration_errors_median": 10.563275
    },
    "large_time_shift": {
      "f1_score": 0.6363636363636364,
      "precision": 0.6363636363636364,
      "recall": 0.6363636363636364,
      "tpr": 0.6363636363636364,
      "fpr": 0.8888888888888888,
      "true_positives": 14,
      "false_positives": 8,
      "false_negatives": 8,
      "true_negatives": 1,
      "auc": null,
      "start_errors_mean": 0.34966519999999995,
      "start_errors_std": 1.3083273784777876,
      "start_errors_max": 5.244978,
      "start_errors_median": 0.0,
      "end_errors_mean": 7.548675466666668,
      "end_errors_std": 9.3970857088123,
      "end_errors_max": 23.255714,
      "end_errors_median": 0.0,
      "duration_errors_mean": 7.898340666666665,
      "duration_errors_std": 9.788887870355564,
      "duration_errors_max": 23.255713999999998,
      "duration_errors_median": 0.0
    },
    "boundary_errors": {
      "f1_score": 0.8636363636363636,
      "precision": 0.8636363636363636,
      "recall": 0.8636363636363636,
      "tpr": 0.8636363636363636,
      "fpr": 0.75,
      "true_positives": 19,
      "false_positives": 3,
      "false_negatives": 3,
      "true_negatives": 1,
      "auc": null,
      "start_errors_mean": 3.924003,
      "start_errors_std": 5.827125568800507,
      "start_errors_max": 14.951773,
      "start_errors_median": 0.0,
      "end_errors_mean": 6.185033368421053,
      "end_errors_std": 7.306992128975536,
      "end_errors_max": 16.692525,
      "end_errors_median": 0.0,
      "duration_errors_mean": 3.543366157894737,
      "duration_errors_std": 5.777301752576436,
      "duration_errors_max": 16.692525000000003,
      "duration_errors_median": 0.0
    },
    "missing_segments": {
      "f1_score": 0.9767441860465117,
      "precision": 1.0,
      "recall": 0.9545454545454546,
      "tpr": 0.9545454545454546,
      "fpr": 0.0,
      "true_positives": 21,
      "false_positives": 0,
      "false_negatives": 1,
      "true_negatives": 1,
      "auc": null,
      "start_errors_mean": 0.0,
      "start_errors_std": 0.0,
      "start_errors_max": 0.0,
      "start_errors_median": 0.0,
      "end_errors_mean": 2.3135434285714287,
      "end_errors_std": 5.9716945797603085,
      "end_errors_max": 25.027687,
      "end_errors_median": 0.0,
      "duration_errors_mean": 2.313543428571429,
      "duration_errors_std": 5.97169457976031,
      "duration_errors_max": 25.027687000000014,
      "duration_errors_median": 0.0
    },
    "false_positives": {
      "f1_score": 0.9361702127659575,
      "precision": 0.88,
      "recall": 1.0,
      "tpr": 1.0,
      "fpr": 0.75,
      "true_positives": 22,
      "false_positives": 3,
      "false_negatives": 0,
      "true_negatives": 1,
      "auc": null,
      "start_errors_mean": 0.0,
      "start_errors_std": 0.0,
      "start_errors_max": 0.0,
      "start_errors_median": 0.0,
      "end_errors_mean": 0.0,
      "end_errors_std": 0.0,
      "end_errors_max": 0.0,
      "end_errors_median": 0.0,
      "duration_errors_mean": 0.0,
      "duration_errors_std": 0.0,
      "duration_errors_max": 0.0,
      "duration_errors_median": 0.0
    },
    "label_confusion": {
      "f1_score": 0.8510638297872342,
      "precision": 0.8,
      "recall": 0.9090909090909091,
      "tpr": 0.9090909090909091,
      "fpr": 1.0,
      "true_positives": 20,
      "false_positives": 5,
      "false_negatives": 2,
      "true_negatives": 0,
      "auc": null,
      "start_errors_mean": 0.38258339999999996,
      "start_errors_std": 1.2673111760548945,
      "start_errors_max": 5.52509,
      "start_errors_median": 0.0,
      "end_errors_mean": 1.25138435,
      "end_errors_std": 5.454657921178332,
      "end_errors_max": 25.027687,
      "end_errors_median": 0.0,
      "duration_errors_mean": 1.6339677500000007,
      "duration_errors_std": 5.513787527223698,
      "duration_errors_max": 25.027687000000014,
      "duration_errors_median": 0.0
    },
    "combined_errors": {
      "f1_score": 0.8163265306122449,
      "precision": 0.7407407407407407,
      "recall": 0.9090909090909091,
      "tpr": 0.9090909090909091,
      "fpr": 0.875,
      "true_positives": 20,
      "false_positives": 7,
      "false_negatives": 2,
      "true_negatives": 1,
      "auc": null,
      "start_errors_mean": 1.3081031904761904,
      "start_errors_std": 2.4109864681507367,
      "start_errors_max": 10.821515,
      "start_errors_median": 0.0,
      "end_errors_mean": 10.905935666666668,
      "end_errors_std": 34.82671137512828,
      "end_errors_max": 157.024261,
      "end_errors_median": 0.0,
      "duration_errors_mean": 11.643926,
      "duration_errors_std": 34.174575903047746,
      "duration_errors_max": 155.13503599999999,
      "duration_errors_median": 0.7206350000000157
    }
  }
}